{"initial_reset_timestamp": 1572845712.8065634, "timestamps": [1572845713.9112258], "episode_lengths": [1021], "episode_rewards": [-21.0], "episode_types": ["t"]}