{"initial_reset_timestamp": 1572851106.945055, "timestamps": [1572851107.9894683], "episode_lengths": [1013], "episode_rewards": [-21.0], "episode_types": ["t"]}