{"initial_reset_timestamp": 1572931470.0256455, "timestamps": [1572931471.2425387], "episode_lengths": [1018], "episode_rewards": [-21.0], "episode_types": ["t"]}