{"initial_reset_timestamp": 1572874228.1944423, "timestamps": [1572874236.2023673], "episode_lengths": [1009], "episode_rewards": [-21.0], "episode_types": ["t"]}