{"initial_reset_timestamp": 1572876800.6148615, "timestamps": [1572876802.6508653], "episode_lengths": [1850], "episode_rewards": [-19.0], "episode_types": ["t"]}